Parent Class,Class,Equivalent Class
Equipment,AED,AED
Equipment,AED,Automated_External_Defibrillator
Equipment,AHU,AHU
Equipment,AHU,Air_Handler_Unit
Equipment,AHU,Air_Handling_Unit
Equipment,Air_Handler_Unit,AHU
Equipment,Air_Handler_Unit,Air_Handler_Unit
Equipment,Air_Handler_Unit,Air_Handling_Unit
Equipment,Air_Handling_Unit,AHU
Equipment,Air_Handling_Unit,Air_Handler_Unit
Equipment,Air_Handling_Unit,Air_Handling_Unit
Equipment,Automated_External_Defibrillator,AED
Equipment,Automated_External_Defibrillator,Automated_External_Defibrillator
Point,Average_Discharge_Air_Flow_Sensor,Average_Discharge_Air_Flow_Sensor
Point,Average_Discharge_Air_Flow_Sensor,Average_Supply_Air_Flow_Sensor
Point,Average_Supply_Air_Flow_Sensor,Average_Discharge_Air_Flow_Sensor
Point,Average_Supply_Air_Flow_Sensor,Average_Supply_Air_Flow_Sensor
Location,Break_Room,Break_Room
Location,Break_Room,Breakroom
Location,Breakroom,Break_Room
Location,Breakroom,Breakroom
Equipment,CAV,CAV
Equipment,CAV,Constant_Air_Volume_Box
Equipment,Computer_Room_Air_Conditioning,Computer_Room_Air_Conditioning
Equipment,Computer_Room_Air_Conditioning,CRAC
Equipment,Computer_Room_Air_Handler,Computer_Room_Air_Handler
Equipment,Computer_Room_Air_Handler,CRAH
Equipment,Constant_Air_Volume_Box,CAV
Equipment,Constant_Air_Volume_Box,Constant_Air_Volume_Box
Point,Cooling_Discharge_Air_Flow_Setpoint,Cooling_Discharge_Air_Flow_Setpoint
Point,Cooling_Discharge_Air_Flow_Setpoint,Cooling_Supply_Air_Flow_Setpoint
Point,Cooling_Discharge_Air_Temperature_Deadband_Setpoint,Cooling_Discharge_Air_Temperature_Deadband_Setpoint
Point,Cooling_Discharge_Air_Temperature_Deadband_Setpoint,Cooling_Supply_Air_Temperature_Deadband_Setpoint
Point,Cooling_Discharge_Air_Temperature_Integral_Time_Parameter,Cooling_Discharge_Air_Temperature_Integral_Time_Parameter
Point,Cooling_Discharge_Air_Temperature_Integral_Time_Parameter,Cooling_Supply_Air_Temperature_Integral_Time_Parameter
Point,Cooling_Discharge_Air_Temperature_Proportional_Band_Parameter,Cooling_Discharge_Air_Temperature_Proportional_Band_Parameter
Point,Cooling_Discharge_Air_Temperature_Proportional_Band_Parameter,Cooling_Supply_Air_Temperature_Proportional_Band_Parameter
Point,Cooling_Supply_Air_Flow_Setpoint,Cooling_Discharge_Air_Flow_Setpoint
Point,Cooling_Supply_Air_Flow_Setpoint,Cooling_Supply_Air_Flow_Setpoint
Point,Cooling_Supply_Air_Temperature_Deadband_Setpoint,Cooling_Discharge_Air_Temperature_Deadband_Setpoint
Point,Cooling_Supply_Air_Temperature_Deadband_Setpoint,Cooling_Supply_Air_Temperature_Deadband_Setpoint
Point,Cooling_Supply_Air_Temperature_Integral_Time_Parameter,Cooling_Discharge_Air_Temperature_Integral_Time_Parameter
Point,Cooling_Supply_Air_Temperature_Integral_Time_Parameter,Cooling_Supply_Air_Temperature_Integral_Time_Parameter
Point,Cooling_Supply_Air_Temperature_Proportional_Band_Parameter,Cooling_Discharge_Air_Temperature_Proportional_Band_Parameter
Point,Cooling_Supply_Air_Temperature_Proportional_Band_Parameter,Cooling_Supply_Air_Temperature_Proportional_Band_Parameter
Equipment,CRAC,Computer_Room_Air_Conditioning
Equipment,CRAC,CRAC
Equipment,CRAH,Computer_Room_Air_Handler
Equipment,CRAH,CRAH
Equipment,DDAHU,DDAHU
Equipment,DDAHU,Dual_Duct_Air_Handling_Unit
Equipment,Dedicated_Outdoor_Air_System_Unit,Dedicated_Outdoor_Air_System_Unit
Equipment,Dedicated_Outdoor_Air_System_Unit,DOAS
Measurable,Discharge_Air,Discharge_Air
Measurable,Discharge_Air,Supply_Air
Point,Discharge_Air_Dewpoint_Sensor,Discharge_Air_Dewpoint_Sensor
Point,Discharge_Air_Dewpoint_Sensor,Supply_Air_Dewpoint_Sensor
Point,Discharge_Air_Differential_Pressure_Sensor,Discharge_Air_Differential_Pressure_Sensor
Point,Discharge_Air_Differential_Pressure_Sensor,Supply_Air_Differential_Pressure_Sensor
Point,Discharge_Air_Differential_Pressure_Setpoint,Discharge_Air_Differential_Pressure_Setpoint
Point,Discharge_Air_Differential_Pressure_Setpoint,Supply_Air_Differential_Pressure_Setpoint
Point,Discharge_Air_Duct_Pressure_Status,Discharge_Air_Duct_Pressure_Status
Point,Discharge_Air_Duct_Pressure_Status,Supply_Air_Duct_Pressure_Status
Point,Discharge_Air_Flow_Demand_Setpoint,Discharge_Air_Flow_Demand_Setpoint
Point,Discharge_Air_Flow_Demand_Setpoint,Supply_Air_Flow_Demand_Setpoint
Point,Discharge_Air_Flow_High_Reset_Setpoint,Discharge_Air_Flow_High_Reset_Setpoint
Point,Discharge_Air_Flow_High_Reset_Setpoint,Supply_Air_Flow_High_Reset_Setpoint
Point,Discharge_Air_Flow_Low_Reset_Setpoint,Discharge_Air_Flow_Low_Reset_Setpoint
Point,Discharge_Air_Flow_Low_Reset_Setpoint,Supply_Air_Flow_Low_Reset_Setpoint
Point,Discharge_Air_Flow_Reset_Setpoint,Discharge_Air_Flow_Reset_Setpoint
Point,Discharge_Air_Flow_Reset_Setpoint,Supply_Air_Flow_Reset_Setpoint
Point,Discharge_Air_Flow_Sensor,Discharge_Air_Flow_Sensor
Point,Discharge_Air_Flow_Sensor,Supply_Air_Flow_Sensor
Point,Discharge_Air_Flow_Setpoint,Discharge_Air_Flow_Setpoint
Point,Discharge_Air_Flow_Setpoint,Supply_Air_Flow_Setpoint
Point,Discharge_Air_Humidity_Sensor,Discharge_Air_Humidity_Sensor
Point,Discharge_Air_Humidity_Sensor,Supply_Air_Humidity_Sensor
Point,Discharge_Air_Humidity_Setpoint,Discharge_Air_Humidity_Setpoint
Point,Discharge_Air_Humidity_Setpoint,Supply_Air_Humidity_Setpoint
Point,Discharge_Air_Integral_Gain_Parameter,Discharge_Air_Integral_Gain_Parameter
Point,Discharge_Air_Integral_Gain_Parameter,Supply_Air_Integral_Gain_Parameter
Equipment,Discharge_Air_Plenum,Discharge_Air_Plenum
Equipment,Discharge_Air_Plenum,Supply_Air_Plenum
Point,Discharge_Air_Proportional_Gain_Parameter,Discharge_Air_Proportional_Gain_Parameter
Point,Discharge_Air_Proportional_Gain_Parameter,Supply_Air_Proportional_Gain_Parameter
Point,Discharge_Air_Smoke_Detection_Alarm,Discharge_Air_Smoke_Detection_Alarm
Point,Discharge_Air_Smoke_Detection_Alarm,Supply_Air_Smoke_Detection_Alarm
Point,Discharge_Air_Static_Pressure_Deadband_Setpoint,Discharge_Air_Static_Pressure_Deadband_Setpoint
Point,Discharge_Air_Static_Pressure_Deadband_Setpoint,Supply_Air_Static_Pressure_Deadband_Setpoint
Point,Discharge_Air_Static_Pressure_Integral_Time_Parameter,Discharge_Air_Static_Pressure_Integral_Time_Parameter
Point,Discharge_Air_Static_Pressure_Integral_Time_Parameter,Supply_Air_Static_Pressure_Integral_Time_Parameter
Point,Discharge_Air_Static_Pressure_Proportional_Band_Parameter,Discharge_Air_Static_Pressure_Proportional_Band_Parameter
Point,Discharge_Air_Static_Pressure_Proportional_Band_Parameter,Supply_Air_Static_Pressure_Proportional_Band_Parameter
Point,Discharge_Air_Static_Pressure_Sensor,Discharge_Air_Static_Pressure_Sensor
Point,Discharge_Air_Static_Pressure_Sensor,Supply_Air_Static_Pressure_Sensor
Point,Discharge_Air_Static_Pressure_Setpoint,Discharge_Air_Static_Pressure_Setpoint
Point,Discharge_Air_Static_Pressure_Setpoint,Supply_Air_Static_Pressure_Setpoint
Point,Discharge_Air_Static_Pressure_Step_Parameter,Discharge_Air_Static_Pressure_Step_Parameter
Point,Discharge_Air_Static_Pressure_Step_Parameter,Supply_Air_Static_Pressure_Step_Parameter
Point,Discharge_Air_Temperature_Alarm,Discharge_Air_Temperature_Alarm
Point,Discharge_Air_Temperature_Alarm,Supply_Air_Temperature_Alarm
Point,Discharge_Air_Temperature_Cooling_Setpoint,Discharge_Air_Temperature_Cooling_Setpoint
Point,Discharge_Air_Temperature_Cooling_Setpoint,Supply_Air_Temperature_Cooling_Setpoint
Point,Discharge_Air_Temperature_Deadband_Setpoint,Discharge_Air_Temperature_Deadband_Setpoint
Point,Discharge_Air_Temperature_Deadband_Setpoint,Supply_Air_Temperature_Deadband_Setpoint
Point,Discharge_Air_Temperature_Heating_Setpoint,Discharge_Air_Temperature_Heating_Setpoint
Point,Discharge_Air_Temperature_Heating_Setpoint,Supply_Air_Temperature_Heating_Setpoint
Point,Discharge_Air_Temperature_High_Reset_Setpoint,Discharge_Air_Temperature_High_Reset_Setpoint
Point,Discharge_Air_Temperature_High_Reset_Setpoint,Supply_Air_Temperature_High_Reset_Setpoint
Point,Discharge_Air_Temperature_Low_Reset_Setpoint,Discharge_Air_Temperature_Low_Reset_Setpoint
Point,Discharge_Air_Temperature_Low_Reset_Setpoint,Supply_Air_Temperature_Low_Reset_Setpoint
Point,Discharge_Air_Temperature_Proportional_Band_Parameter,Discharge_Air_Temperature_Proportional_Band_Parameter
Point,Discharge_Air_Temperature_Proportional_Band_Parameter,Supply_Air_Temperature_Proportional_Band_Parameter
Point,Discharge_Air_Temperature_Reset_Differential_Setpoint,Discharge_Air_Temperature_Reset_Differential_Setpoint
Point,Discharge_Air_Temperature_Reset_Differential_Setpoint,Supply_Air_Temperature_Reset_Differential_Setpoint
Point,Discharge_Air_Temperature_Sensor,Discharge_Air_Temperature_Sensor
Point,Discharge_Air_Temperature_Sensor,Supply_Air_Temperature_Sensor
Point,Discharge_Air_Temperature_Setpoint,Discharge_Air_Temperature_Setpoint
Point,Discharge_Air_Temperature_Setpoint,Supply_Air_Temperature_Setpoint
Point,Discharge_Air_Temperature_Setpoint_Limit,Discharge_Air_Temperature_Setpoint_Limit
Point,Discharge_Air_Temperature_Setpoint_Limit,Supply_Air_Temperature_Setpoint_Limit
Point,Discharge_Air_Temperature_Step_Parameter,Discharge_Air_Temperature_Step_Parameter
Point,Discharge_Air_Temperature_Step_Parameter,Supply_Air_Temperature_Step_Parameter
Point,Discharge_Air_Velocity_Pressure_Sensor,Discharge_Air_Velocity_Pressure_Sensor
Point,Discharge_Air_Velocity_Pressure_Sensor,Supply_Air_Velocity_Pressure_Sensor
Equipment,Discharge_Fan,Discharge_Fan
Equipment,Discharge_Fan,Supply_Fan
Equipment,DOAS,Dedicated_Outdoor_Air_System_Unit
Equipment,DOAS,DOAS
Equipment,Dual_Duct_Air_Handling_Unit,DDAHU
Equipment,Dual_Duct_Air_Handling_Unit,Dual_Duct_Air_Handling_Unit
Point,Effective_Discharge_Air_Temperature_Setpoint,Effective_Discharge_Air_Temperature_Setpoint
Point,Effective_Discharge_Air_Temperature_Setpoint,Effective_Supply_Air_Temperature_Setpoint
Point,Effective_Supply_Air_Temperature_Setpoint,Effective_Discharge_Air_Temperature_Setpoint
Point,Effective_Supply_Air_Temperature_Setpoint,Effective_Supply_Air_Temperature_Setpoint
Location,Elevator_Shaft,Elevator_Shaft
Location,Elevator_Shaft,Elevator_Space
Location,Elevator_Space,Elevator_Shaft
Location,Elevator_Space,Elevator_Space
Equipment,Embedded_Surface_System_Panel,Embedded_Surface_System_Panel
Equipment,Embedded_Surface_System_Panel,ESS_Panel
Equipment,ESS_Panel,Embedded_Surface_System_Panel
Equipment,ESS_Panel,ESS_Panel
Equipment,Fan_Coil_Unit,Fan_Coil_Unit
Equipment,Fan_Coil_Unit,FCU
Equipment,FCU,Fan_Coil_Unit
Equipment,FCU,FCU
Location,Floor,Floor
Location,Floor,Storey
Equipment,Heat_Exchanger,Heat_Exchanger
Equipment,Heat_Exchanger,HX
Point,Heating_Discharge_Air_Flow_Setpoint,Heating_Discharge_Air_Flow_Setpoint
Point,Heating_Discharge_Air_Flow_Setpoint,Heating_Supply_Air_Flow_Setpoint
Point,Heating_Discharge_Air_Temperature_Deadband_Setpoint,Heating_Discharge_Air_Temperature_Deadband_Setpoint
Point,Heating_Discharge_Air_Temperature_Deadband_Setpoint,Heating_Supply_Air_Temperature_Deadband_Setpoint
Point,Heating_Discharge_Air_Temperature_Integral_Time_Parameter,Heating_Discharge_Air_Temperature_Integral_Time_Parameter
Point,Heating_Discharge_Air_Temperature_Integral_Time_Parameter,Heating_Supply_Air_Temperature_Integral_Time_Parameter
Point,Heating_Discharge_Air_Temperature_Proportional_Band_Parameter,Heating_Discharge_Air_Temperature_Proportional_Band_Parameter
Point,Heating_Discharge_Air_Temperature_Proportional_Band_Parameter,Heating_Supply_Air_Temperature_Proportional_Band_Parameter
Point,Heating_Supply_Air_Flow_Setpoint,Heating_Discharge_Air_Flow_Setpoint
Point,Heating_Supply_Air_Flow_Setpoint,Heating_Supply_Air_Flow_Setpoint
Point,Heating_Supply_Air_Temperature_Deadband_Setpoint,Heating_Discharge_Air_Temperature_Deadband_Setpoint
Point,Heating_Supply_Air_Temperature_Deadband_Setpoint,Heating_Supply_Air_Temperature_Deadband_Setpoint
Point,Heating_Supply_Air_Temperature_Integral_Time_Parameter,Heating_Discharge_Air_Temperature_Integral_Time_Parameter
Point,Heating_Supply_Air_Temperature_Integral_Time_Parameter,Heating_Supply_Air_Temperature_Integral_Time_Parameter
Point,Heating_Supply_Air_Temperature_Proportional_Band_Parameter,Heating_Discharge_Air_Temperature_Proportional_Band_Parameter
Point,Heating_Supply_Air_Temperature_Proportional_Band_Parameter,Heating_Supply_Air_Temperature_Proportional_Band_Parameter
Equipment,Heating_Ventilation_Air_Conditioning_System,Heating_Ventilation_Air_Conditioning_System
Equipment,Heating_Ventilation_Air_Conditioning_System,HVAC_System
Point,High_Discharge_Air_Temperature_Alarm,High_Discharge_Air_Temperature_Alarm
Point,High_Discharge_Air_Temperature_Alarm,High_Supply_Air_Temperature_Alarm
Point,High_Supply_Air_Temperature_Alarm,High_Discharge_Air_Temperature_Alarm
Point,High_Supply_Air_Temperature_Alarm,High_Supply_Air_Temperature_Alarm
Equipment,HVAC_System,Heating_Ventilation_Air_Conditioning_System
Equipment,HVAC_System,HVAC_System
Equipment,HX,Heat_Exchanger
Equipment,HX,HX
Point,Low_Discharge_Air_Flow_Alarm,Low_Discharge_Air_Flow_Alarm
Point,Low_Discharge_Air_Flow_Alarm,Low_Supply_Air_Flow_Alarm
Point,Low_Discharge_Air_Temperature_Alarm,Low_Discharge_Air_Temperature_Alarm
Point,Low_Discharge_Air_Temperature_Alarm,Low_Supply_Air_Temperature_Alarm
Point,Low_Supply_Air_Flow_Alarm,Low_Discharge_Air_Flow_Alarm
Point,Low_Supply_Air_Flow_Alarm,Low_Supply_Air_Flow_Alarm
Point,Low_Supply_Air_Temperature_Alarm,Low_Discharge_Air_Temperature_Alarm
Point,Low_Supply_Air_Temperature_Alarm,Low_Supply_Air_Temperature_Alarm
Equipment,Makeup_Air_Unit,Makeup_Air_Unit
Equipment,Makeup_Air_Unit,MAU
Equipment,MAU,Makeup_Air_Unit
Equipment,MAU,MAU
Point,Max_Cooling_Discharge_Air_Flow_Setpoint_Limit,Max_Cooling_Discharge_Air_Flow_Setpoint_Limit
Point,Max_Cooling_Discharge_Air_Flow_Setpoint_Limit,Max_Cooling_Supply_Air_Flow_Setpoint_Limit
Point,Max_Cooling_Supply_Air_Flow_Setpoint_Limit,Max_Cooling_Discharge_Air_Flow_Setpoint_Limit
Point,Max_Cooling_Supply_Air_Flow_Setpoint_Limit,Max_Cooling_Supply_Air_Flow_Setpoint_Limit
Point,Max_Discharge_Air_Static_Pressure_Setpoint_Limit,Max_Discharge_Air_Static_Pressure_Setpoint_Limit
Point,Max_Discharge_Air_Static_Pressure_Setpoint_Limit,Max_Supply_Air_Static_Pressure_Setpoint_Limit
Point,Max_Discharge_Air_Temperature_Setpoint_Limit,Max_Discharge_Air_Temperature_Setpoint_Limit
Point,Max_Discharge_Air_Temperature_Setpoint_Limit,Max_Supply_Air_Temperature_Setpoint_Limit
Point,Max_Heating_Discharge_Air_Flow_Setpoint_Limit,Max_Heating_Discharge_Air_Flow_Setpoint_Limit
Point,Max_Heating_Discharge_Air_Flow_Setpoint_Limit,Max_Heating_Supply_Air_Flow_Setpoint_Limit
Point,Max_Heating_Supply_Air_Flow_Setpoint_Limit,Max_Heating_Discharge_Air_Flow_Setpoint_Limit
Point,Max_Heating_Supply_Air_Flow_Setpoint_Limit,Max_Heating_Supply_Air_Flow_Setpoint_Limit
Point,Max_Occupied_Cooling_Discharge_Air_Flow_Setpoint_Limit,Max_Occupied_Cooling_Discharge_Air_Flow_Setpoint_Limit
Point,Max_Occupied_Cooling_Discharge_Air_Flow_Setpoint_Limit,Max_Occupied_Cooling_Supply_Air_Flow_Setpoint_Limit
Point,Max_Occupied_Cooling_Supply_Air_Flow_Setpoint_Limit,Max_Occupied_Cooling_Discharge_Air_Flow_Setpoint_Limit
Point,Max_Occupied_Cooling_Supply_Air_Flow_Setpoint_Limit,Max_Occupied_Cooling_Supply_Air_Flow_Setpoint_Limit
Point,Max_Occupied_Heating_Discharge_Air_Flow_Setpoint_Limit,Max_Occupied_Heating_Discharge_Air_Flow_Setpoint_Limit
Point,Max_Occupied_Heating_Discharge_Air_Flow_Setpoint_Limit,Max_Occupied_Heating_Supply_Air_Flow_Setpoint_Limit
Point,Max_Occupied_Heating_Supply_Air_Flow_Setpoint_Limit,Max_Occupied_Heating_Discharge_Air_Flow_Setpoint_Limit
Point,Max_Occupied_Heating_Supply_Air_Flow_Setpoint_Limit,Max_Occupied_Heating_Supply_Air_Flow_Setpoint_Limit
Point,Max_Supply_Air_Static_Pressure_Setpoint_Limit,Max_Discharge_Air_Static_Pressure_Setpoint_Limit
Point,Max_Supply_Air_Static_Pressure_Setpoint_Limit,Max_Supply_Air_Static_Pressure_Setpoint_Limit
Point,Max_Supply_Air_Temperature_Setpoint_Limit,Max_Discharge_Air_Temperature_Setpoint_Limit
Point,Max_Supply_Air_Temperature_Setpoint_Limit,Max_Supply_Air_Temperature_Setpoint_Limit
Point,Max_Unoccupied_Cooling_Discharge_Air_Flow_Setpoint_Limit,Max_Unoccupied_Cooling_Discharge_Air_Flow_Setpoint_Limit
Point,Max_Unoccupied_Cooling_Discharge_Air_Flow_Setpoint_Limit,Max_Unoccupied_Cooling_Supply_Air_Flow_Setpoint_Limit
Point,Max_Unoccupied_Cooling_Supply_Air_Flow_Setpoint_Limit,Max_Unoccupied_Cooling_Discharge_Air_Flow_Setpoint_Limit
Point,Max_Unoccupied_Cooling_Supply_Air_Flow_Setpoint_Limit,Max_Unoccupied_Cooling_Supply_Air_Flow_Setpoint_Limit
Point,Max_Unoccupied_Heating_Discharge_Air_Flow_Setpoint_Limit,Max_Unoccupied_Heating_Discharge_Air_Flow_Setpoint_Limit
Point,Max_Unoccupied_Heating_Discharge_Air_Flow_Setpoint_Limit,Max_Unoccupied_Heating_Supply_Air_Flow_Setpoint_Limit
Point,Max_Unoccupied_Heating_Supply_Air_Flow_Setpoint_Limit,Max_Unoccupied_Heating_Discharge_Air_Flow_Setpoint_Limit
Point,Max_Unoccupied_Heating_Supply_Air_Flow_Setpoint_Limit,Max_Unoccupied_Heating_Supply_Air_Flow_Setpoint_Limit
Point,Min_Cooling_Discharge_Air_Flow_Setpoint_Limit,Min_Cooling_Discharge_Air_Flow_Setpoint_Limit
Point,Min_Cooling_Discharge_Air_Flow_Setpoint_Limit,Min_Cooling_Supply_Air_Flow_Setpoint_Limit
Point,Min_Cooling_Supply_Air_Flow_Setpoint_Limit,Min_Cooling_Discharge_Air_Flow_Setpoint_Limit
Point,Min_Cooling_Supply_Air_Flow_Setpoint_Limit,Min_Cooling_Supply_Air_Flow_Setpoint_Limit
Point,Min_Discharge_Air_Static_Pressure_Setpoint_Limit,Min_Discharge_Air_Static_Pressure_Setpoint_Limit
Point,Min_Discharge_Air_Static_Pressure_Setpoint_Limit,Min_Supply_Air_Static_Pressure_Setpoint_Limit
Point,Min_Discharge_Air_Temperature_Setpoint_Limit,Min_Discharge_Air_Temperature_Setpoint_Limit
Point,Min_Discharge_Air_Temperature_Setpoint_Limit,Min_Supply_Air_Temperature_Setpoint_Limit
Point,Min_Heating_Discharge_Air_Flow_Setpoint_Limit,Min_Heating_Discharge_Air_Flow_Setpoint_Limit
Point,Min_Heating_Discharge_Air_Flow_Setpoint_Limit,Min_Heating_Supply_Air_Flow_Setpoint_Limit
Point,Min_Heating_Supply_Air_Flow_Setpoint_Limit,Min_Heating_Discharge_Air_Flow_Setpoint_Limit
Point,Min_Heating_Supply_Air_Flow_Setpoint_Limit,Min_Heating_Supply_Air_Flow_Setpoint_Limit
Point,Min_Occupied_Cooling_Discharge_Air_Flow_Setpoint_Limit,Min_Occupied_Cooling_Discharge_Air_Flow_Setpoint_Limit
Point,Min_Occupied_Cooling_Discharge_Air_Flow_Setpoint_Limit,Min_Occupied_Cooling_Supply_Air_Flow_Setpoint_Limit
Point,Min_Occupied_Cooling_Supply_Air_Flow_Setpoint_Limit,Min_Occupied_Cooling_Discharge_Air_Flow_Setpoint_Limit
Point,Min_Occupied_Cooling_Supply_Air_Flow_Setpoint_Limit,Min_Occupied_Cooling_Supply_Air_Flow_Setpoint_Limit
Point,Min_Occupied_Heating_Discharge_Air_Flow_Setpoint_Limit,Min_Occupied_Heating_Discharge_Air_Flow_Setpoint_Limit
Point,Min_Occupied_Heating_Discharge_Air_Flow_Setpoint_Limit,Min_Occupied_Heating_Supply_Air_Flow_Setpoint_Limit
Point,Min_Occupied_Heating_Supply_Air_Flow_Setpoint_Limit,Min_Occupied_Heating_Discharge_Air_Flow_Setpoint_Limit
Point,Min_Occupied_Heating_Supply_Air_Flow_Setpoint_Limit,Min_Occupied_Heating_Supply_Air_Flow_Setpoint_Limit
Point,Min_Supply_Air_Static_Pressure_Setpoint_Limit,Min_Discharge_Air_Static_Pressure_Setpoint_Limit
Point,Min_Supply_Air_Static_Pressure_Setpoint_Limit,Min_Supply_Air_Static_Pressure_Setpoint_Limit
Point,Min_Supply_Air_Temperature_Setpoint_Limit,Min_Discharge_Air_Temperature_Setpoint_Limit
Point,Min_Supply_Air_Temperature_Setpoint_Limit,Min_Supply_Air_Temperature_Setpoint_Limit
Point,Min_Unoccupied_Cooling_Discharge_Air_Flow_Setpoint_Limit,Min_Unoccupied_Cooling_Discharge_Air_Flow_Setpoint_Limit
Point,Min_Unoccupied_Cooling_Discharge_Air_Flow_Setpoint_Limit,Min_Unoccupied_Cooling_Supply_Air_Flow_Setpoint_Limit
Point,Min_Unoccupied_Cooling_Supply_Air_Flow_Setpoint_Limit,Min_Unoccupied_Cooling_Discharge_Air_Flow_Setpoint_Limit
Point,Min_Unoccupied_Cooling_Supply_Air_Flow_Setpoint_Limit,Min_Unoccupied_Cooling_Supply_Air_Flow_Setpoint_Limit
Point,Min_Unoccupied_Heating_Discharge_Air_Flow_Setpoint_Limit,Min_Unoccupied_Heating_Discharge_Air_Flow_Setpoint_Limit
Point,Min_Unoccupied_Heating_Discharge_Air_Flow_Setpoint_Limit,Min_Unoccupied_Heating_Supply_Air_Flow_Setpoint_Limit
Point,Min_Unoccupied_Heating_Supply_Air_Flow_Setpoint_Limit,Min_Unoccupied_Heating_Discharge_Air_Flow_Setpoint_Limit
Point,Min_Unoccupied_Heating_Supply_Air_Flow_Setpoint_Limit,Min_Unoccupied_Heating_Supply_Air_Flow_Setpoint_Limit
Equipment,Network_Video_Recorder,Network_Video_Recorder
Equipment,Network_Video_Recorder,NVR
Equipment,NVR,Network_Video_Recorder
Equipment,NVR,NVR
Point,Occupied_Cooling_Discharge_Air_Flow_Setpoint,Occupied_Cooling_Discharge_Air_Flow_Setpoint
Point,Occupied_Cooling_Discharge_Air_Flow_Setpoint,Occupied_Cooling_Supply_Air_Flow_Setpoint
Point,Occupied_Cooling_Supply_Air_Flow_Setpoint,Occupied_Cooling_Discharge_Air_Flow_Setpoint
Point,Occupied_Cooling_Supply_Air_Flow_Setpoint,Occupied_Cooling_Supply_Air_Flow_Setpoint
Point,Occupied_Discharge_Air_Flow_Setpoint,Occupied_Discharge_Air_Flow_Setpoint
Point,Occupied_Discharge_Air_Flow_Setpoint,Occupied_Supply_Air_Flow_Setpoint
Point,Occupied_Discharge_Air_Temperature_Setpoint,Occupied_Discharge_Air_Temperature_Setpoint
Point,Occupied_Discharge_Air_Temperature_Setpoint,Occupied_Supply_Air_Temperature_Setpoint
Point,Occupied_Heating_Discharge_Air_Flow_Setpoint,Occupied_Heating_Discharge_Air_Flow_Setpoint
Point,Occupied_Heating_Discharge_Air_Flow_Setpoint,Occupied_Heating_Supply_Air_Flow_Setpoint
Point,Occupied_Heating_Supply_Air_Flow_Setpoint,Occupied_Heating_Discharge_Air_Flow_Setpoint
Point,Occupied_Heating_Supply_Air_Flow_Setpoint,Occupied_Heating_Supply_Air_Flow_Setpoint
Point,Occupied_Supply_Air_Flow_Setpoint,Occupied_Discharge_Air_Flow_Setpoint
Point,Occupied_Supply_Air_Flow_Setpoint,Occupied_Supply_Air_Flow_Setpoint
Point,Occupied_Supply_Air_Temperature_Setpoint,Occupied_Discharge_Air_Temperature_Setpoint
Point,Occupied_Supply_Air_Temperature_Setpoint,Occupied_Supply_Air_Temperature_Setpoint
Point,On_Timer_Sensor,On_Timer_Sensor
Point,On_Timer_Sensor,Run_Time_Sensor
Collection,Photovoltaic_Array,Photovoltaic_Array
Collection,Photovoltaic_Array,PV_Array
Point,Photovoltaic_Current_Output_Sensor,Photovoltaic_Current_Output_Sensor
Point,Photovoltaic_Current_Output_Sensor,PV_Current_Output_Sensor
Point,Preheat_Discharge_Air_Temperature_Sensor,Preheat_Discharge_Air_Temperature_Sensor
Point,Preheat_Discharge_Air_Temperature_Sensor,Preheat_Supply_Air_Temperature_Sensor
Point,Preheat_Supply_Air_Temperature_Sensor,Preheat_Discharge_Air_Temperature_Sensor
Point,Preheat_Supply_Air_Temperature_Sensor,Preheat_Supply_Air_Temperature_Sensor
Collection,PV_Array,Photovoltaic_Array
Collection,PV_Array,PV_Array
Point,PV_Current_Output_Sensor,Photovoltaic_Current_Output_Sensor
Point,PV_Current_Output_Sensor,PV_Current_Output_Sensor
Equipment,Radiant_Ceiling_Panel,Radiant_Ceiling_Panel
Equipment,Radiant_Ceiling_Panel,RC_Panel
Equipment,RC_Panel,Radiant_Ceiling_Panel
Equipment,RC_Panel,RC_Panel
Location,Rest_Room,Rest_Room
Location,Rest_Room,Restroom
Location,Restroom,Rest_Room
Location,Restroom,Restroom
Equipment,Rooftop_Unit,Rooftop_Unit
Equipment,Rooftop_Unit,RTU
Equipment,RTU,Rooftop_Unit
Equipment,RTU,RTU
Point,Run_Time_Sensor,On_Timer_Sensor
Point,Run_Time_Sensor,Run_Time_Sensor
Equipment,RVAV,RVAV
Equipment,RVAV,Variable_Air_Volume_Box_With_Reheat
Location,Storey,Floor
Location,Storey,Storey
Measurable,Supply_Air,Discharge_Air
Measurable,Supply_Air,Supply_Air
Point,Supply_Air_Dewpoint_Sensor,Discharge_Air_Dewpoint_Sensor
Point,Supply_Air_Dewpoint_Sensor,Supply_Air_Dewpoint_Sensor
Point,Supply_Air_Differential_Pressure_Sensor,Discharge_Air_Differential_Pressure_Sensor
Point,Supply_Air_Differential_Pressure_Sensor,Supply_Air_Differential_Pressure_Sensor
Point,Supply_Air_Differential_Pressure_Setpoint,Discharge_Air_Differential_Pressure_Setpoint
Point,Supply_Air_Differential_Pressure_Setpoint,Supply_Air_Differential_Pressure_Setpoint
Point,Supply_Air_Duct_Pressure_Status,Discharge_Air_Duct_Pressure_Status
Point,Supply_Air_Duct_Pressure_Status,Supply_Air_Duct_Pressure_Status
Point,Supply_Air_Flow_Demand_Setpoint,Discharge_Air_Flow_Demand_Setpoint
Point,Supply_Air_Flow_Demand_Setpoint,Supply_Air_Flow_Demand_Setpoint
Point,Supply_Air_Flow_High_Reset_Setpoint,Discharge_Air_Flow_High_Reset_Setpoint
Point,Supply_Air_Flow_High_Reset_Setpoint,Supply_Air_Flow_High_Reset_Setpoint
Point,Supply_Air_Flow_Low_Reset_Setpoint,Discharge_Air_Flow_Low_Reset_Setpoint
Point,Supply_Air_Flow_Low_Reset_Setpoint,Supply_Air_Flow_Low_Reset_Setpoint
Point,Supply_Air_Flow_Reset_Setpoint,Discharge_Air_Flow_Reset_Setpoint
Point,Supply_Air_Flow_Reset_Setpoint,Supply_Air_Flow_Reset_Setpoint
Point,Supply_Air_Flow_Sensor,Discharge_Air_Flow_Sensor
Point,Supply_Air_Flow_Sensor,Supply_Air_Flow_Sensor
Point,Supply_Air_Flow_Setpoint,Discharge_Air_Flow_Setpoint
Point,Supply_Air_Flow_Setpoint,Supply_Air_Flow_Setpoint
Point,Supply_Air_Humidity_Sensor,Discharge_Air_Humidity_Sensor
Point,Supply_Air_Humidity_Sensor,Supply_Air_Humidity_Sensor
Point,Supply_Air_Humidity_Setpoint,Discharge_Air_Humidity_Setpoint
Point,Supply_Air_Humidity_Setpoint,Supply_Air_Humidity_Setpoint
Point,Supply_Air_Integral_Gain_Parameter,Discharge_Air_Integral_Gain_Parameter
Point,Supply_Air_Integral_Gain_Parameter,Supply_Air_Integral_Gain_Parameter
Equipment,Supply_Air_Plenum,Discharge_Air_Plenum
Equipment,Supply_Air_Plenum,Supply_Air_Plenum
Point,Supply_Air_Proportional_Gain_Parameter,Discharge_Air_Proportional_Gain_Parameter
Point,Supply_Air_Proportional_Gain_Parameter,Supply_Air_Proportional_Gain_Parameter
Point,Supply_Air_Smoke_Detection_Alarm,Discharge_Air_Smoke_Detection_Alarm
Point,Supply_Air_Smoke_Detection_Alarm,Supply_Air_Smoke_Detection_Alarm
Point,Supply_Air_Static_Pressure_Deadband_Setpoint,Discharge_Air_Static_Pressure_Deadband_Setpoint
Point,Supply_Air_Static_Pressure_Deadband_Setpoint,Supply_Air_Static_Pressure_Deadband_Setpoint
Point,Supply_Air_Static_Pressure_Integral_Time_Parameter,Discharge_Air_Static_Pressure_Integral_Time_Parameter
Point,Supply_Air_Static_Pressure_Integral_Time_Parameter,Supply_Air_Static_Pressure_Integral_Time_Parameter
Point,Supply_Air_Static_Pressure_Proportional_Band_Parameter,Discharge_Air_Static_Pressure_Proportional_Band_Parameter
Point,Supply_Air_Static_Pressure_Proportional_Band_Parameter,Supply_Air_Static_Pressure_Proportional_Band_Parameter
Point,Supply_Air_Static_Pressure_Sensor,Discharge_Air_Static_Pressure_Sensor
Point,Supply_Air_Static_Pressure_Sensor,Supply_Air_Static_Pressure_Sensor
Point,Supply_Air_Static_Pressure_Setpoint,Discharge_Air_Static_Pressure_Setpoint
Point,Supply_Air_Static_Pressure_Setpoint,Supply_Air_Static_Pressure_Setpoint
Point,Supply_Air_Static_Pressure_Step_Parameter,Discharge_Air_Static_Pressure_Step_Parameter
Point,Supply_Air_Static_Pressure_Step_Parameter,Supply_Air_Static_Pressure_Step_Parameter
Point,Supply_Air_Temperature_Alarm,Discharge_Air_Temperature_Alarm
Point,Supply_Air_Temperature_Alarm,Supply_Air_Temperature_Alarm
Point,Supply_Air_Temperature_Cooling_Setpoint,Discharge_Air_Temperature_Cooling_Setpoint
Point,Supply_Air_Temperature_Cooling_Setpoint,Supply_Air_Temperature_Cooling_Setpoint
Point,Supply_Air_Temperature_Deadband_Setpoint,Discharge_Air_Temperature_Deadband_Setpoint
Point,Supply_Air_Temperature_Deadband_Setpoint,Supply_Air_Temperature_Deadband_Setpoint
Point,Supply_Air_Temperature_Heating_Setpoint,Discharge_Air_Temperature_Heating_Setpoint
Point,Supply_Air_Temperature_Heating_Setpoint,Supply_Air_Temperature_Heating_Setpoint
Point,Supply_Air_Temperature_High_Reset_Setpoint,Discharge_Air_Temperature_High_Reset_Setpoint
Point,Supply_Air_Temperature_High_Reset_Setpoint,Supply_Air_Temperature_High_Reset_Setpoint
Point,Supply_Air_Temperature_Low_Reset_Setpoint,Discharge_Air_Temperature_Low_Reset_Setpoint
Point,Supply_Air_Temperature_Low_Reset_Setpoint,Supply_Air_Temperature_Low_Reset_Setpoint
Point,Supply_Air_Temperature_Proportional_Band_Parameter,Discharge_Air_Temperature_Proportional_Band_Parameter
Point,Supply_Air_Temperature_Proportional_Band_Parameter,Supply_Air_Temperature_Proportional_Band_Parameter
Point,Supply_Air_Temperature_Reset_Differential_Setpoint,Discharge_Air_Temperature_Reset_Differential_Setpoint
Point,Supply_Air_Temperature_Reset_Differential_Setpoint,Supply_Air_Temperature_Reset_Differential_Setpoint
Point,Supply_Air_Temperature_Sensor,Discharge_Air_Temperature_Sensor
Point,Supply_Air_Temperature_Sensor,Supply_Air_Temperature_Sensor
Point,Supply_Air_Temperature_Setpoint,Discharge_Air_Temperature_Setpoint
Point,Supply_Air_Temperature_Setpoint,Supply_Air_Temperature_Setpoint
Point,Supply_Air_Temperature_Setpoint_Limit,Discharge_Air_Temperature_Setpoint_Limit
Point,Supply_Air_Temperature_Setpoint_Limit,Supply_Air_Temperature_Setpoint_Limit
Point,Supply_Air_Temperature_Step_Parameter,Discharge_Air_Temperature_Step_Parameter
Point,Supply_Air_Temperature_Step_Parameter,Supply_Air_Temperature_Step_Parameter
Point,Supply_Air_Velocity_Pressure_Sensor,Discharge_Air_Velocity_Pressure_Sensor
Point,Supply_Air_Velocity_Pressure_Sensor,Supply_Air_Velocity_Pressure_Sensor
Equipment,Supply_Fan,Discharge_Fan
Equipment,Supply_Fan,Supply_Fan
Equipment,TABS_Panel,TABS_Panel
Equipment,TABS_Panel,Thermally_Activated_Building_System_Panel
Equipment,Thermally_Activated_Building_System_Panel,TABS_Panel
Equipment,Thermally_Activated_Building_System_Panel,Thermally_Activated_Building_System_Panel
Point,Unoccupied_Cooling_Discharge_Air_Flow_Setpoint,Unoccupied_Cooling_Discharge_Air_Flow_Setpoint
Point,Unoccupied_Cooling_Discharge_Air_Flow_Setpoint,Unoccupied_Cooling_Supply_Air_Flow_Setpoint
Point,Unoccupied_Cooling_Supply_Air_Flow_Setpoint,Unoccupied_Cooling_Discharge_Air_Flow_Setpoint
Point,Unoccupied_Cooling_Supply_Air_Flow_Setpoint,Unoccupied_Cooling_Supply_Air_Flow_Setpoint
Point,Unoccupied_Discharge_Air_Flow_Setpoint,Unoccupied_Discharge_Air_Flow_Setpoint
Point,Unoccupied_Discharge_Air_Flow_Setpoint,Unoccupied_Supply_Air_Flow_Setpoint
Point,Unoccupied_Discharge_Air_Temperature_Setpoint,Unoccupied_Discharge_Air_Temperature_Setpoint
Point,Unoccupied_Discharge_Air_Temperature_Setpoint,Unoccupied_Supply_Air_Temperature_Setpoint
Point,Unoccupied_Heating_Discharge_Air_Flow_Setpoint,Unoccupied_Heating_Discharge_Air_Flow_Setpoint
Point,Unoccupied_Heating_Discharge_Air_Flow_Setpoint,Unoccupied_Heating_Supply_Air_Flow_Setpoint
Point,Unoccupied_Heating_Supply_Air_Flow_Setpoint,Unoccupied_Heating_Discharge_Air_Flow_Setpoint
Point,Unoccupied_Heating_Supply_Air_Flow_Setpoint,Unoccupied_Heating_Supply_Air_Flow_Setpoint
Point,Unoccupied_Supply_Air_Flow_Setpoint,Unoccupied_Discharge_Air_Flow_Setpoint
Point,Unoccupied_Supply_Air_Flow_Setpoint,Unoccupied_Supply_Air_Flow_Setpoint
Point,Unoccupied_Supply_Air_Temperature_Setpoint,Unoccupied_Discharge_Air_Temperature_Setpoint
Point,Unoccupied_Supply_Air_Temperature_Setpoint,Unoccupied_Supply_Air_Temperature_Setpoint
Equipment,Variable_Air_Volume_Box,Variable_Air_Volume_Box
Equipment,Variable_Air_Volume_Box,VAV
Equipment,Variable_Air_Volume_Box_With_Reheat,RVAV
Equipment,Variable_Air_Volume_Box_With_Reheat,Variable_Air_Volume_Box_With_Reheat
Equipment,Variable_Frequency_Drive,Variable_Frequency_Drive
Equipment,Variable_Frequency_Drive,VFD
Equipment,VAV,Variable_Air_Volume_Box
Equipment,VAV,VAV
Equipment,VFD,Variable_Frequency_Drive
Equipment,VFD,VFD
